id,first_name,last_name,email,gender,ip_address
1,Tallia,Kirwood,tkirwood0@blog.com,Female,188.112.175.55
2,Edwin,Shilstone,eshilstone1@quantcast.com,Male,51.25.30.62
3,Sansone,Titmuss,stitmuss2@vistaprint.com,Male,174.112.164.195
4,Moreen,Metheringham,mmetheringham3@tinyurl.com,Female,62.249.183.21
5,Web,Van Cassel,wvancassel4@a8.net,Male,61.64.237.161
6,Piper,Brudenell,pbrudenell5@flickr.com,Female,68.164.124.148
7,Rooney,Ranstead,rranstead6@ifeng.com,Bigender,179.133.105.45
8,Cyrille,Scud,cscud7@uol.com.br,Male,225.174.33.43
9,Ericka,Burrett,eburrett8@omniture.com,Polygender,186.3.201.110
10,Cosme,Hanton,chanton9@shop-pro.jp,Male,211.143.74.53
11,Gerhard,Oakman,goakmana@msu.edu,Male,101.207.141.192
12,Jere,Tookey,jtookeyb@purevolume.com,Female,189.126.44.3
13,Waldemar,Bullivent,wbulliventc@about.com,Male,144.120.3.49
14,Murvyn,Brakespear,mbrakespeard@hatena.ne.jp,Male,199.0.245.243
15,Ulrich,Prest,upreste@chicagotribune.com,Male,146.207.81.98
16,Steffie,Hecks,shecksf@webmd.com,Female,23.182.27.223
17,Winifred,Airdrie,wairdrieg@goo.ne.jp,Bigender,180.107.157.190
18,Rebekkah,McIlwraith,rmcilwraithh@sitemeter.com,Female,49.193.48.217
19,Chelsae,Greenstreet,cgreenstreeti@studiopress.com,Female,70.83.211.77
20,Livvie,Sweetman,lsweetmanj@cyberchimps.com,Female,202.135.198.11
21,Gar,Huws,ghuwsk@goodreads.com,Male,186.202.105.204
22,Riordan,Brack,rbrackl@dell.com,Male,243.113.47.60
23,Casandra,Pashley,cpashleym@mlb.com,Female,88.190.196.207
24,Sonia,Ren,srenn@hexun.com,Female,227.15.50.70
25,Lenna,Sword,lswordo@archive.org,Female,177.114.176.3
26,Kellyann,Torre,ktorrep@weather.com,Female,25.154.85.6
27,Rene,Zanussii,rzanussiiq@nifty.com,Female,216.166.13.3
28,Yorgos,Brassington,ybrassingtonr@reddit.com,Male,18.142.86.70
29,Lance,Kenan,lkenans@sciencedaily.com,Male,202.105.99.121
30,Kayley,Stirland,kstirlandt@mayoclinic.com,Female,250.107.124.76
31,Lotti,Bonsall,lbonsallu@typepad.com,Female,101.54.37.19
32,Ingrim,Ribbens,iribbensv@washingtonpost.com,Male,51.221.112.68
33,Arny,Iddison,aiddisonw@printfriendly.com,Male,77.234.194.146
34,Evin,Millmoe,emillmoex@etsy.com,Male,13.152.39.170
35,Mitchael,Landall,mlandally@histats.com,Male,115.8.93.87
36,Eziechiele,Farthing,efarthingz@phoca.cz,Bigender,83.58.194.120
37,Jose,Tolworth,jtolworth10@engadget.com,Male,120.129.64.175
38,Hestia,Satterthwaite,hsatterthwaite11@soundcloud.com,Female,221.216.236.219
39,Hillel,Kelcey,hkelcey12@artisteer.com,Male,101.36.184.123
40,Cass,Younghusband,cyounghusband13@freewebs.com,Female,47.13.60.120
41,Cassie,McMeekin,cmcmeekin14@nbcnews.com,Male,40.20.141.108
42,Sonia,Bindley,sbindley15@wordpress.org,Female,129.98.170.126
43,Eleanor,Hoffmann,ehoffmann16@lulu.com,Female,149.112.208.209
44,Frants,Allsebrook,fallsebrook17@hatena.ne.jp,Male,193.52.67.173
45,Giacomo,Vatcher,gvatcher18@360.cn,Agender,178.145.126.105
46,Harwell,Meharg,hmeharg19@twitter.com,Male,81.148.225.53
47,Katya,Oleshunin,koleshunin1a@wikipedia.org,Female,56.72.40.92
48,Giralda,Boyd,gboyd1b@wufoo.com,Female,250.106.48.83
49,Fraser,Strippling,fstrippling1c@gravatar.com,Male,17.13.91.8
50,Lavinie,Beatson,lbeatson1d@wired.com,Female,2.7.209.102
51,Boot,Iannazzi,biannazzi1e@nsw.gov.au,Agender,26.6.96.3
52,Elysha,Evanson,eevanson1f@usda.gov,Polygender,129.99.213.152
53,Herculie,Willgress,hwillgress1g@cdc.gov,Male,35.75.241.79
54,Jenifer,Rowsel,jrowsel1h@usda.gov,Female,188.249.19.127
55,Irina,Ferronier,iferronier1i@webeden.co.uk,Female,198.102.127.148
56,Madelene,Dimitru,mdimitru1j@accuweather.com,Female,12.106.29.49
57,Ric,Durrant,rdurrant1k@sina.com.cn,Male,28.68.180.105
58,Annette,Olliar,aolliar1l@technorati.com,Genderfluid,253.216.35.161
59,Desmond,Jacson,djacson1m@symantec.com,Male,26.75.225.170
60,Mohandas,Chesnut,mchesnut1n@amazon.com,Male,254.162.55.155
61,Hewet,Arrighi,harrighi1o@smh.com.au,Male,238.166.56.32
62,Tami,McCarty,tmccarty1p@qq.com,Female,36.83.206.51
63,Darcy,Snookes,dsnookes1q@twitter.com,Male,9.236.148.187
64,Alaine,Jenkinson,ajenkinson1r@elpais.com,Female,135.201.135.239
65,Shelton,Greenroyd,sgreenroyd1s@gizmodo.com,Male,149.33.72.126
66,Ryley,Cawdery,rcawdery1t@japanpost.jp,Male,6.57.22.111
67,Everett,Cicerone,ecicerone1u@state.tx.us,Male,252.167.208.68
68,Innis,Imeson,iimeson1v@bing.com,Male,235.151.237.43
69,Skip,Bowker,sbowker1w@shinystat.com,Male,197.40.115.194
70,Hilliary,Malloch,hmalloch1x@homestead.com,Non-binary,84.198.237.16
71,Chiarra,Hearley,chearley1y@newsvine.com,Female,61.49.103.242
72,Roley,Rosas,rrosas1z@twitpic.com,Male,162.134.249.87
73,Sammie,Pool,spool20@ask.com,Male,231.35.27.41
74,Gerick,Athelstan,gathelstan21@tmall.com,Male,247.67.132.175
75,Dane,FitzGibbon,dfitzgibbon22@businesswire.com,Male,238.245.138.138
76,Standford,Wainscoat,swainscoat23@github.com,Male,242.155.31.19
77,Maire,Dwelly,mdwelly24@ed.gov,Female,14.189.111.10
78,Shayla,Gerlack,sgerlack25@bloglines.com,Genderfluid,55.217.45.207
79,Clint,Luckman,cluckman26@blogger.com,Male,19.241.235.145
80,Levin,Foord,lfoord27@weather.com,Male,210.26.217.90
81,Tucker,Wohler,twohler28@people.com.cn,Male,238.169.50.251
82,Jennine,Wiltshaw,jwiltshaw29@typepad.com,Female,140.252.68.206
83,Cate,Crabtree,ccrabtree2a@multiply.com,Female,72.138.229.240
84,Valentijn,Chantillon,vchantillon2b@kickstarter.com,Male,38.45.11.102
85,Valeda,Jeppensen,vjeppensen2c@guardian.co.uk,Female,134.131.140.62
86,Saidee,Bischop,sbischop2d@parallels.com,Female,36.147.167.120
87,Sibby,Berzen,sberzen2e@yahoo.com,Genderqueer,180.172.190.64
88,Herschel,De la Perrelle,hdelaperrelle2f@sina.com.cn,Male,190.28.141.150
89,Zacharie,Cockroft,zcockroft2g@scientificamerican.com,Genderqueer,75.122.155.17
90,Dolf,Bonson,dbonson2h@drupal.org,Male,77.81.219.250
91,Gearalt,McCarl,gmccarl2i@seattletimes.com,Male,83.234.145.89
92,Marijn,Rookwell,mrookwell2j@imageshack.us,Male,212.68.231.216
93,Benedetto,Geratasch,bgeratasch2k@phoca.cz,Male,102.143.63.108
94,Borden,Wyche,bwyche2l@parallels.com,Male,86.104.100.100
95,Tansy,Stewart,tstewart2m@typepad.com,Female,54.113.92.138
96,Dyann,Hellmer,dhellmer2n@webmd.com,Agender,237.37.49.126
97,Adan,Bolger,abolger2o@intel.com,Male,112.42.111.81
98,Selestina,Dibbert,sdibbert2p@nymag.com,Female,223.66.4.66
99,Erroll,Beedon,ebeedon2q@xing.com,Male,190.27.34.222
100,Ailis,Mildenhall,amildenhall2r@wiley.com,Female,2.50.103.176
101,Faustine,Stiebler,fstiebler2s@booking.com,Female,160.235.8.187
102,Perkin,Larver,plarver2t@w3.org,Male,147.133.199.188
103,Katharyn,Eckh,keckh2u@1688.com,Genderqueer,56.134.36.161
104,Ferris,Dreakin,fdreakin2v@bing.com,Male,149.191.125.174
105,Anselma,Klimushev,aklimushev2w@tamu.edu,Female,112.169.164.15
106,Bayard,Pietzker,bpietzker2x@blogtalkradio.com,Male,178.62.199.52
107,Beniamino,Kegan,bkegan2y@nature.com,Male,172.44.73.253
108,Maddie,Claire,mclaire2z@un.org,Bigender,65.31.140.249
109,Edouard,Lush,elush30@freewebs.com,Male,169.229.104.1
110,Alvie,Menco,amenco31@berkeley.edu,Male,26.5.179.11
111,Ambrosius,Conkay,aconkay32@sourceforge.net,Male,220.184.153.10
112,Frasier,Growy,fgrowy33@photobucket.com,Male,38.120.195.127
113,Zaccaria,Tuffley,ztuffley34@comcast.net,Male,216.96.37.101
114,Isaak,Quiney,iquiney35@disqus.com,Male,68.236.76.254
115,Aindrea,Gittis,agittis36@dagondesign.com,Agender,225.149.186.39
116,Sharyl,Stowte,sstowte37@de.vu,Female,127.74.42.224
117,Sorcha,Snape,ssnape38@reference.com,Non-binary,49.147.205.0
118,Lucilia,Winterborne,lwinterborne39@technorati.com,Female,197.52.133.55
119,George,Pantecost,gpantecost3a@stumbleupon.com,Female,151.199.175.251
120,Batholomew,Siehard,bsiehard3b@earthlink.net,Male,106.26.70.174
121,Shandra,Franzotto,sfranzotto3c@twitpic.com,Female,41.7.158.5
122,Fedora,Methuen,fmethuen3d@craigslist.org,Female,182.231.164.212
123,Ford,Berthomieu,fberthomieu3e@columbia.edu,Male,23.182.74.33
124,Armand,Wellesley,awellesley3f@pcworld.com,Male,227.84.5.146
125,Nicholle,Rockey,nrockey3g@vk.com,Female,230.148.226.201
126,Sophronia,Bodham,sbodham3h@ted.com,Polygender,71.21.162.239
127,Arlette,Oby,aoby3i@newyorker.com,Female,157.165.124.13
128,Borg,Lismore,blismore3j@mail.ru,Male,16.35.17.241
129,Rahal,Prazer,rprazer3k@blog.com,Female,65.91.107.1
130,Tam,Arington,tarington3l@sakura.ne.jp,Male,27.115.251.111
131,Herta,Hewson,hhewson3m@examiner.com,Female,129.23.250.204
132,Currey,Loyley,cloyley3n@noaa.gov,Male,24.164.248.116
133,Ermin,Dibner,edibner3o@angelfire.com,Male,249.164.175.200
134,Alvan,Fullerton,afullerton3p@archive.org,Male,121.24.235.232
135,Ignacio,Deas,ideas3q@opera.com,Male,131.135.209.45
136,Jena,Camplen,jcamplen3r@wikispaces.com,Female,20.217.28.165
137,Mollie,Creaney,mcreaney3s@weebly.com,Female,219.202.217.221
138,Ebonee,Mainson,emainson3t@comsenz.com,Female,42.218.12.208
139,Will,Robertsson,wrobertsson3u@google.nl,Male,189.31.126.4
140,Franzen,Janaszewski,fjanaszewski3v@zdnet.com,Male,102.145.172.53
141,Dante,Blest,dblest3w@jimdo.com,Male,102.248.131.118
142,El,Scudder,escudder3x@slate.com,Male,90.33.104.89
143,Manya,Acory,macory3y@senate.gov,Female,40.69.228.41
144,Ella,Gammons,egammons3z@barnesandnoble.com,Female,55.124.90.199
145,Porty,Brennan,pbrennan40@cisco.com,Male,144.242.89.174
146,Carlee,Mattinson,cmattinson41@upenn.edu,Female,200.75.97.206
147,Josefina,Natalie,jnatalie42@sakura.ne.jp,Female,23.41.97.12
148,Meara,Cobleigh,mcobleigh43@wunderground.com,Female,250.222.109.160
149,Winslow,Krochmann,wkrochmann44@biblegateway.com,Male,142.35.119.121
150,Neron,De Bruyn,ndebruyn45@who.int,Male,158.109.146.210
151,Caesar,Leckey,cleckey46@123-reg.co.uk,Agender,67.245.142.109
152,Lyndsie,Phython,lphython47@sun.com,Female,21.46.40.199
153,Maryanne,Santello,msantello48@dagondesign.com,Female,54.228.33.128
154,Rene,Lidyard,rlidyard49@vistaprint.com,Male,13.9.25.147
155,Ferguson,Cockson,fcockson4a@ucla.edu,Male,139.169.139.199
156,Brooks,Inchbald,binchbald4b@example.com,Male,3.91.229.58
157,Gilbert,Leil,gleil4c@simplemachines.org,Male,3.34.18.45
158,Larissa,Ragg,lragg4d@drupal.org,Female,175.119.31.115
159,Clarie,Naper,cnaper4e@sogou.com,Female,253.166.242.79
160,Ransom,Coolican,rcoolican4f@addtoany.com,Male,231.179.153.248
161,Sunshine,Okenden,sokenden4g@barnesandnoble.com,Genderfluid,36.161.228.143
162,Dermot,Bryer,dbryer4h@linkedin.com,Male,125.121.155.84
163,Carolyn,Delgua,cdelgua4i@quantcast.com,Female,42.202.145.107
164,Dexter,Impson,dimpson4j@guardian.co.uk,Genderfluid,48.5.211.95
165,Barry,Trace,btrace4k@reuters.com,Male,110.114.140.58
166,Leroy,Muat,lmuat4l@berkeley.edu,Bigender,31.4.164.163
167,Dunc,Littley,dlittley4m@reference.com,Male,132.167.193.23
168,Elka,Soro,esoro4n@meetup.com,Female,247.38.141.89
169,Vincenz,Neeves,vneeves4o@sfgate.com,Male,23.205.115.166
170,Hamil,Schooley,hschooley4p@ebay.com,Male,117.75.68.152
171,Liv,Loverock,lloverock4q@bloglines.com,Female,56.196.212.219
172,Asher,Edden,aedden4r@ucoz.ru,Male,144.53.23.133
173,Otis,Kemery,okemery4s@shop-pro.jp,Male,68.235.197.109
174,Bradly,MacPherson,bmacpherson4t@google.de,Male,126.203.105.223
175,Stacey,Hallahan,shallahan4u@uol.com.br,Female,29.27.160.191
176,Cornelius,Skipp,cskipp4v@ihg.com,Male,113.34.51.98
177,Joseph,Ioselevich,jioselevich4w@thetimes.co.uk,Male,212.112.113.65
178,Guy,Broadist,gbroadist4x@businessweek.com,Male,100.82.226.128
179,Clemmie,Bransby,cbransby4y@eepurl.com,Female,39.31.96.44
180,Elsy,Engall,eengall4z@merriam-webster.com,Female,224.130.58.214
181,Ripley,Mackney,rmackney50@techcrunch.com,Male,137.126.1.179
182,John,Dowdam,jdowdam51@amazon.com,Male,139.81.188.134
183,Stacy,Squibb,ssquibb52@mtv.com,Male,49.29.253.26
184,Mora,Roskam,mroskam53@constantcontact.com,Bigender,199.23.184.169
185,Alasdair,Pocke,apocke54@scientificamerican.com,Male,106.133.176.164
186,Ailis,Reith,areith55@macromedia.com,Female,127.169.164.171
187,Georgetta,Dome,gdome56@blogtalkradio.com,Female,140.249.198.33
188,Allie,Povey,apovey57@china.com.cn,Female,108.254.85.11
189,Phylys,Lindeboom,plindeboom58@histats.com,Female,10.46.2.174
190,Marinna,Ortiga,mortiga59@fastcompany.com,Female,220.254.194.102
191,Jacenta,Jerisch,jjerisch5a@over-blog.com,Female,144.115.194.203
192,Vivyanne,De Normanville,vdenormanville5b@zimbio.com,Non-binary,132.90.85.192
193,Laurianne,Hedgeley,lhedgeley5c@cyberchimps.com,Female,50.8.90.137
194,Robby,Pallis,rpallis5d@t.co,Male,211.149.255.105
195,Chrysler,Lynett,clynett5e@google.com.hk,Female,179.56.85.146
196,Alison,Price,aprice5f@sphinn.com,Female,232.21.76.6
197,Bowie,Jedras,bjedras5g@nsw.gov.au,Male,68.113.54.233
198,Dolli,Eaklee,deaklee5h@freewebs.com,Female,209.91.214.129
199,Gina,Daykin,gdaykin5i@nbcnews.com,Female,123.101.5.142
200,Sheppard,Dowears,sdowears5j@ucoz.ru,Male,164.102.118.238
201,Lothario,Woodrow,lwoodrow5k@angelfire.com,Male,253.133.60.102
202,Hendrick,Estable,hestable5l@admin.ch,Male,185.167.128.122
203,Hirsch,Oger,hoger5m@prlog.org,Male,153.153.237.35
204,Daron,Counihan,dcounihan5n@arizona.edu,Female,226.119.72.167
205,Finlay,Bartlett,fbartlett5o@loc.gov,Male,226.206.18.39
206,Nissa,Simonsen,nsimonsen5p@biglobe.ne.jp,Female,244.45.22.30
207,Ariadne,Sample,asample5q@ihg.com,Female,209.173.71.92
208,Ericha,Ranklin,eranklin5r@mapquest.com,Female,250.207.109.90
209,Quent,Mylchreest,qmylchreest5s@people.com.cn,Bigender,169.3.90.162
210,Jarvis,Beardwell,jbeardwell5t@slashdot.org,Male,40.223.250.73
211,Juli,Ball,jball5u@github.com,Agender,191.207.5.206
212,Bo,McGraffin,bmcgraffin5v@seesaa.net,Bigender,127.235.5.46
213,Wilburt,Tweedy,wtweedy5w@apache.org,Male,122.250.187.24
214,Tim,Wanka,twanka5x@tripod.com,Male,19.105.33.96
215,Bobine,Gribbins,bgribbins5y@163.com,Female,177.167.221.188
216,Ardelia,Zapatero,azapatero5z@w3.org,Female,167.11.227.1
217,Hannah,Trappe,htrappe60@delicious.com,Female,148.236.251.98
218,Effie,Alesio,ealesio61@paginegialle.it,Female,205.176.88.74
219,Guthrey,Costelloe,gcostelloe62@cbsnews.com,Male,226.201.100.140
220,Royce,Everix,reverix63@businessinsider.com,Male,49.92.183.45
221,Gabbey,McMillam,gmcmillam64@vistaprint.com,Female,149.225.81.233
222,Lester,Bauchop,lbauchop65@chron.com,Male,118.86.131.56
223,Barbabra,Minihan,bminihan66@wikia.com,Genderqueer,134.147.85.150
224,Ibby,MacAnelley,imacanelley67@ibm.com,Female,39.66.241.71
225,Roxine,Josifovic,rjosifovic68@mayoclinic.com,Female,223.64.135.41
226,Levon,Banbrick,lbanbrick69@yahoo.com,Genderqueer,149.106.147.209
227,Gaspard,Batstone,gbatstone6a@state.tx.us,Male,12.80.26.117
228,Fielding,Dring,fdring6b@1und1.de,Male,213.20.178.36
229,Letta,Hansel,lhansel6c@hc360.com,Female,251.47.218.238
230,Karin,Whittock,kwhittock6d@who.int,Female,169.96.40.151
231,Rikki,Richings,rrichings6e@nih.gov,Male,125.228.132.173
232,Buck,Greendale,bgreendale6f@chicagotribune.com,Male,223.239.13.119
233,Brennan,Francis,bfrancis6g@e-recht24.de,Male,11.251.117.50
234,Ware,McKissack,wmckissack6h@51.la,Male,221.3.33.62
235,Jen,Brimblecombe,jbrimblecombe6i@trellian.com,Female,65.240.189.69
236,Gayla,Pozzo,gpozzo6j@chron.com,Female,108.242.64.76
237,Geoff,Gail,ggail6k@google.de,Male,126.152.10.62
238,Clerissa,Daish,cdaish6l@statcounter.com,Female,168.155.147.109
239,Ambrosius,O'Nowlan,aonowlan6m@taobao.com,Male,51.184.84.82
240,Daloris,Matiashvili,dmatiashvili6n@aboutads.info,Genderfluid,13.230.92.60
241,Berkly,Proback,bproback6o@shutterfly.com,Male,115.104.120.77
242,Marilee,Shadrach,mshadrach6p@accuweather.com,Female,237.117.45.27
243,Pavel,Attenborough,pattenborough6q@rambler.ru,Male,11.237.9.192
244,Shana,Dalgliesh,sdalgliesh6r@nydailynews.com,Female,128.144.118.252
245,Byrle,Halfhead,bhalfhead6s@ycombinator.com,Male,151.144.64.177
246,Hastings,Renvoys,hrenvoys6t@ehow.com,Male,252.61.165.211
247,Jinny,Mattiello,jmattiello6u@printfriendly.com,Female,134.221.116.28
248,Hall,Widdowfield,hwiddowfield6v@squarespace.com,Male,59.96.212.227
249,Brittaney,Bowne,bbowne6w@ow.ly,Female,190.238.145.42
250,Amalle,Matzke,amatzke6x@jimdo.com,Female,106.240.77.13
251,Katerina,Drysdell,kdrysdell6y@dmoz.org,Female,95.24.34.41
252,Dew,Gowen,dgowen6z@liveinternet.ru,Male,194.209.232.16
253,Addy,Goldston,agoldston70@reddit.com,Female,71.245.207.26
254,Tish,Helstrom,thelstrom71@fc2.com,Non-binary,55.30.195.142
255,Herbie,Spikins,hspikins72@wikispaces.com,Male,1.248.75.112
256,Lynn,Wiltsher,lwiltsher73@biblegateway.com,Male,180.20.118.189
257,Kilian,Gilkes,kgilkes74@redcross.org,Male,217.24.244.135
258,Alastair,MacRury,amacrury75@disqus.com,Male,51.150.95.52
259,Jordain,Hakes,jhakes76@ca.gov,Female,120.218.31.125
260,Evyn,Refford,erefford77@baidu.com,Male,16.163.211.87
261,Sandor,Paolinelli,spaolinelli78@cbsnews.com,Male,89.72.126.52
262,Hewitt,Wilmington,hwilmington79@geocities.com,Male,59.121.98.96
263,Lionel,Hazard,lhazard7a@ning.com,Male,74.179.186.238
264,Klara,Squibbes,ksquibbes7b@china.com.cn,Female,247.17.165.109
265,Benji,Guilliland,bguilliland7c@skype.com,Genderfluid,16.139.89.98
266,Belva,Pennoni,bpennoni7d@jugem.jp,Female,195.120.213.19
267,Jandy,Langeley,jlangeley7e@msn.com,Female,190.84.215.255
268,Sallee,Stockall,sstockall7f@creativecommons.org,Female,46.36.225.104
269,Bethena,McFadzean,bmcfadzean7g@xing.com,Female,169.203.134.233
270,Finley,Lichfield,flichfield7h@skyrock.com,Male,188.167.47.2
271,Guntar,Tregiddo,gtregiddo7i@squidoo.com,Male,90.143.253.119
272,Valli,Quinevan,vquinevan7j@drupal.org,Polygender,4.2.24.71
273,Dev,Ruggiero,druggiero7k@usgs.gov,Male,134.227.124.17
274,Pru,Stanmore,pstanmore7l@globo.com,Female,222.229.64.146
275,Inge,Gaenor,igaenor7m@istockphoto.com,Female,144.177.104.181
276,Chrystel,Reven,creven7n@marketwatch.com,Polygender,208.188.128.48
277,Rena,Lyokhin,rlyokhin7o@shareasale.com,Polygender,172.128.15.229
278,Foster,Scirman,fscirman7p@odnoklassniki.ru,Male,179.216.132.63
279,Ilyssa,Aristide,iaristide7q@earthlink.net,Female,51.229.223.8
280,Jareb,Jennings,jjennings7r@delicious.com,Bigender,248.11.128.65
281,Shep,Whitters,swhitters7s@bigcartel.com,Male,122.104.132.253
282,Reese,Acres,racres7t@woothemes.com,Male,111.13.9.36
283,Collette,Kassman,ckassman7u@gov.uk,Female,30.146.79.58
284,Townsend,Boffin,tboffin7v@jimdo.com,Polygender,58.2.104.89
285,Bertram,Czaja,bczaja7w@paypal.com,Male,60.225.162.197
286,Richardo,Gibbon,rgibbon7x@chron.com,Male,19.69.174.217
287,Cybil,Wrankling,cwrankling7y@ycombinator.com,Female,69.161.0.242
288,Fabe,Perrin,fperrin7z@unblog.fr,Genderfluid,14.59.158.108
289,Selestina,Beckensall,sbeckensall80@t.co,Female,232.0.94.11
290,Hammad,Reed,hreed81@nbcnews.com,Male,151.180.220.141
291,Daffy,Fant,dfant82@ucoz.com,Female,69.151.181.216
292,Val,Jenoure,vjenoure83@cisco.com,Female,61.61.103.113
293,Dona,Simonin,dsimonin84@twitter.com,Female,5.239.249.51
294,Shaun,Casterton,scasterton85@sogou.com,Male,149.52.220.194
295,Candi,Braban,cbraban86@mayoclinic.com,Female,83.110.183.143
296,Doroteya,Alfonsetti,dalfonsetti87@youtube.com,Female,198.51.86.170
297,Trenton,Blinco,tblinco88@paypal.com,Male,248.229.33.80
298,Nananne,Adcocks,nadcocks89@alibaba.com,Female,33.193.59.130
299,Kendra,Kloss,kkloss8a@netlog.com,Female,133.0.126.56
300,Brennen,Fealey,bfealey8b@ted.com,Male,27.220.36.212
301,Ariella,Brandoni,abrandoni8c@gov.uk,Female,69.34.241.3
302,Anetta,Lerer,alerer8d@usatoday.com,Female,34.212.94.242
303,Richard,Guerrieri,rguerrieri8e@guardian.co.uk,Male,197.64.19.206
304,Flossy,Wichard,fwichard8f@nsw.gov.au,Female,99.154.138.122
305,Tabbi,Houseman,thouseman8g@msu.edu,Female,245.180.242.35
306,Gillan,Fillis,gfillis8h@newyorker.com,Female,30.225.149.66
307,Denis,Curds,dcurds8i@sfgate.com,Male,167.198.188.250
308,Abner,Titcomb,atitcomb8j@angelfire.com,Male,111.110.59.195
309,Germaine,Panter,gpanter8k@e-recht24.de,Male,124.60.5.118
310,Giffy,Cleal,gcleal8l@dailymotion.com,Male,100.253.105.23
311,Geri,Sanger,gsanger8m@technorati.com,Female,94.206.78.47
312,Tildie,Adne,tadne8n@weebly.com,Female,87.238.0.115
313,Hermie,Cownden,hcownden8o@alexa.com,Male,95.181.130.114
314,Tootsie,O'Codihie,tocodihie8p@chron.com,Female,149.244.118.25
315,Dot,Kermit,dkermit8q@opensource.org,Non-binary,232.254.201.32
316,Shayne,Sidebotton,ssidebotton8r@constantcontact.com,Male,122.118.143.134
317,Donnie,Steanson,dsteanson8s@marketwatch.com,Male,52.126.163.210
318,Vyky,Chart,vchart8t@geocities.com,Female,40.107.45.43
319,Georgianna,Leven,gleven8u@last.fm,Female,85.223.137.148
320,Tracie,Patemore,tpatemore8v@51.la,Female,70.211.3.33
321,Rhody,Bocke,rbocke8w@sphinn.com,Female,66.41.223.16
322,Coral,Batie,cbatie8x@cafepress.com,Female,219.5.78.174
323,Darnall,Zanioletti,dzanioletti8y@google.it,Male,144.254.219.164
324,Jillie,Churcher,jchurcher8z@google.pl,Female,46.252.64.206
325,Dee,Denys,ddenys90@arizona.edu,Female,29.5.21.195
326,Trstram,Sayton,tsayton91@arizona.edu,Male,142.98.56.213
327,Joachim,Christene,jchristene92@cargocollective.com,Male,244.29.48.190
328,Colas,Ledwich,cledwich93@amazon.co.jp,Male,155.237.107.214
329,Idell,Stonner,istonner94@arizona.edu,Female,18.10.67.138
330,Gloria,Darrel,gdarrel95@buzzfeed.com,Female,174.59.194.225
331,Sascha,Doylend,sdoylend96@pen.io,Female,2.162.138.171
332,Marve,Cawsy,mcawsy97@live.com,Male,192.233.179.113
333,Alfie,Hanna,ahanna98@ox.ac.uk,Male,24.79.41.165
334,Marika,Jurewicz,mjurewicz99@angelfire.com,Female,117.215.158.238
335,Early,Wallice,ewallice9a@slideshare.net,Bigender,55.176.197.216
336,Ettore,Sheard,esheard9b@economist.com,Male,48.95.114.247
337,Felipe,Norcliffe,fnorcliffe9c@blog.com,Polygender,242.111.130.192
338,Jermayne,Ubanks,jubanks9d@arizona.edu,Male,41.99.221.203
339,Wendie,Dron,wdron9e@dmoz.org,Female,28.103.100.161
340,Vic,Fabbri,vfabbri9f@goo.ne.jp,Male,23.61.206.127
341,Aurea,Clarycott,aclarycott9g@biblegateway.com,Female,205.181.195.97
342,Bat,Prettejohns,bprettejohns9h@1und1.de,Male,9.27.115.135
343,Rosamond,Acom,racom9i@mayoclinic.com,Female,73.214.56.210
344,Antoine,Ortell,aortell9j@ezinearticles.com,Male,184.255.7.2
345,Jessamyn,Mathon,jmathon9k@hubpages.com,Genderfluid,107.29.232.119
346,Hesther,Perford,hperford9l@usatoday.com,Bigender,94.227.197.114
347,Ernesta,Cowill,ecowill9m@bloglovin.com,Female,5.9.223.238
348,Tamarah,Cottisford,tcottisford9n@google.fr,Female,38.50.118.70
349,Timmie,Lidbetter,tlidbetter9o@desdev.cn,Male,50.20.213.197
350,Aube,Elcott,aelcott9p@desdev.cn,Male,64.195.120.94
351,Giffard,Tinker,gtinker9q@creativecommons.org,Male,23.46.19.147
352,Galven,Roselli,groselli9r@tuttocitta.it,Male,228.121.29.156
353,Felipa,Brewster,fbrewster9s@webnode.com,Female,127.147.74.116
354,Ansell,Enstone,aenstone9t@cnet.com,Male,236.224.0.179
355,Corrie,Gavriel,cgavriel9u@wufoo.com,Male,14.251.62.10
356,Aldric,Loreit,aloreit9v@ehow.com,Male,108.96.70.228
357,Eadmund,Carriage,ecarriage9w@chicagotribune.com,Male,104.31.70.170
358,Dinny,Dahlborg,ddahlborg9x@cdbaby.com,Female,124.207.139.127
359,Stacia,Allmond,sallmond9y@wordpress.com,Female,134.104.29.34
360,Burt,Driver,bdriver9z@photobucket.com,Male,231.171.240.39
361,Berkie,Gawkes,bgawkesa0@tamu.edu,Male,3.173.33.92
362,Lothaire,Roostan,lroostana1@slate.com,Bigender,124.90.19.22
363,Connie,Bourges,cbourgesa2@vistaprint.com,Female,104.179.101.74
364,Aland,Morphew,amorphewa3@wikispaces.com,Male,144.89.173.237
365,Basilio,Vinick,bvinicka4@biblegateway.com,Male,101.214.177.250
366,Annice,Eymor,aeymora5@wikimedia.org,Female,107.226.125.217
367,Napoleon,Marquot,nmarquota6@wikispaces.com,Male,213.204.50.92
368,Eden,Hammand,ehammanda7@ucoz.com,Female,255.5.97.10
369,Heloise,Gronous,hgronousa8@dagondesign.com,Female,98.58.59.168
370,Wade,Nunan,wnunana9@buzzfeed.com,Male,221.96.144.205
371,Percival,Demelt,pdemeltaa@wiley.com,Male,220.61.62.72
372,Tamarra,Burtonwood,tburtonwoodab@oakley.com,Female,219.87.140.151
373,Ker,Camellini,kcamelliniac@shutterfly.com,Non-binary,217.9.231.71
374,Bertha,Venard,bvenardad@nhs.uk,Female,59.159.107.110
375,Raymund,Uttermare,ruttermareae@cnbc.com,Male,191.162.247.3
376,Adorne,Marquot,amarquotaf@lycos.com,Female,165.50.103.24
377,Lion,Pippard,lpippardag@examiner.com,Male,133.96.150.192
378,Caddric,Letch,cletchah@si.edu,Male,115.179.217.150
379,Tish,Mardee,tmardeeai@comcast.net,Female,128.192.230.167
380,Karyl,Felkin,kfelkinaj@soup.io,Female,238.175.21.88
381,Katherina,Lainton,klaintonak@cloudflare.com,Female,30.31.183.158
382,Kristyn,Bleacher,kbleacheral@microsoft.com,Female,120.238.107.22
383,Nicko,Avraham,navrahamam@google.it,Male,196.71.127.205
384,Marietta,Bishell,mbishellan@nsw.gov.au,Female,45.217.124.27
385,Sibella,Regelous,sregelousao@reference.com,Female,66.181.18.107
386,Jake,Stadden,jstaddenap@freewebs.com,Male,168.42.239.253
387,Inesita,Hawgood,ihawgoodaq@cam.ac.uk,Female,37.241.192.125
388,Sacha,Turmall,sturmallar@myspace.com,Female,3.44.158.165
389,Ossie,Donisthorpe,odonisthorpeas@google.de,Male,45.216.129.137
390,Levey,Rugg,lruggat@privacy.gov.au,Male,94.49.31.55
391,Jannelle,Tourot,jtourotau@pbs.org,Female,198.147.92.230
392,Lilah,Huchot,lhuchotav@qq.com,Female,20.121.207.42
393,Waite,Mingo,wmingoaw@usatoday.com,Genderfluid,136.144.55.190
394,Stephen,Bigley,sbigleyax@stanford.edu,Male,130.218.17.255
395,Jayme,Pirot,jpirotay@shutterfly.com,Female,224.186.166.248
396,Lambert,Beaushaw,lbeaushawaz@deviantart.com,Male,81.34.184.91
397,Kev,Terbrugge,kterbruggeb0@comsenz.com,Genderfluid,96.119.219.246
398,Jordan,Burghill,jburghillb1@economist.com,Male,75.230.138.1
399,Allen,Odhams,aodhamsb2@elegantthemes.com,Non-binary,89.41.10.169
400,Cari,Pettet,cpettetb3@columbia.edu,Female,17.193.47.84
401,Gill,Karpman,gkarpmanb4@wired.com,Male,43.143.217.110
402,Camel,Valens-Smith,cvalenssmithb5@google.com.br,Female,97.51.21.8
403,Dareen,Thomelin,dthomelinb6@vk.com,Female,173.40.186.182
404,Reinaldo,Vanyushkin,rvanyushkinb7@apple.com,Male,34.121.104.86
405,Izak,Oglesbee,ioglesbeeb8@dailymail.co.uk,Male,155.66.180.180
406,Stella,Ogborn,sogbornb9@fema.gov,Female,16.77.222.117
407,Claudelle,Beernaert,cbeernaertba@posterous.com,Female,162.53.103.49
408,Grannie,Lenthall,glenthallbb@macromedia.com,Male,176.203.119.126
409,Sherwin,Maginot,smaginotbc@bbb.org,Male,41.216.192.58
410,Dew,Mounch,dmounchbd@xinhuanet.com,Male,18.29.116.245
411,Zola,Elflain,zelflainbe@usa.gov,Female,19.159.67.4
412,Jessie,Kunat,jkunatbf@nifty.com,Male,171.49.118.182
413,Benson,Follin,bfollinbg@ameblo.jp,Male,22.107.237.5
414,Grata,Brandolini,gbrandolinibh@biblegateway.com,Female,210.196.114.174
415,Jeremy,Holtham,jholthambi@hud.gov,Genderqueer,207.235.255.131
416,Udall,Lampard,ulampardbj@mit.edu,Male,75.163.63.246
417,Carry,Ballantine,cballantinebk@e-recht24.de,Female,66.205.101.156
418,Jimmy,Corss,jcorssbl@google.cn,Male,161.250.66.252
419,Ricki,Summerrell,rsummerrellbm@ucla.edu,Male,194.251.15.60
420,Suzann,O'Shavlan,soshavlanbn@economist.com,Female,2.97.107.94
421,Sydney,Simeoli,ssimeolibo@rediff.com,Bigender,249.139.114.63
422,Sheri,Ahlf,sahlfbp@mediafire.com,Female,72.111.61.190
423,Ted,Christophle,tchristophlebq@list-manage.com,Female,154.183.99.24
424,Muriel,Van Hault,mvanhaultbr@constantcontact.com,Female,24.234.109.33
425,Aretha,Swires,aswiresbs@simplemachines.org,Female,104.182.246.2
426,Vivie,Zealy,vzealybt@psu.edu,Female,166.112.68.177
427,Heall,Legges,hleggesbu@wikipedia.org,Genderfluid,111.67.148.93
428,Dene,Bazoge,dbazogebv@xrea.com,Male,122.223.97.86
429,Aurel,Whitehurst,awhitehurstbw@cargocollective.com,Female,212.42.164.61
430,Kacy,Peret,kperetbx@java.com,Female,99.3.209.103
431,Ware,Frigout,wfrigoutby@ucoz.ru,Male,111.74.243.231
432,Alyce,Romeril,aromerilbz@unblog.fr,Female,31.244.54.62
433,Myrah,McWhan,mmcwhanc0@csmonitor.com,Female,206.130.157.67
434,Tamarra,Rawstorn,trawstornc1@usda.gov,Female,123.104.74.240
435,Tedman,Wyburn,twyburnc2@npr.org,Male,123.53.16.217
436,Burnard,Berard,bberardc3@nytimes.com,Male,214.156.155.179
437,Pippy,Eichmann,peichmannc4@sitemeter.com,Female,207.212.99.57
438,Haley,McWhannel,hmcwhannelc5@4shared.com,Male,215.198.156.32
439,Lilli,Luetkemeyer,lluetkemeyerc6@digg.com,Female,154.216.17.200
440,Desmund,Spriggs,dspriggsc7@addthis.com,Male,84.11.169.178
441,Eachelle,Pettecrew,epettecrewc8@themeforest.net,Female,165.41.69.230
442,Simmonds,Haydock,shaydockc9@hao123.com,Male,27.123.96.141
443,Lily,Pietrzak,lpietrzakca@examiner.com,Female,151.49.98.22
444,Rosita,Ranklin,rranklincb@cornell.edu,Female,228.235.176.25
445,Annamaria,Sutterfield,asutterfieldcc@irs.gov,Female,75.213.39.103
446,Hamlen,Gabbitis,hgabbitiscd@twitter.com,Male,192.180.84.157
447,Stern,Herley,sherleyce@sciencedaily.com,Male,9.157.42.53
448,Ignace,Latchford,ilatchfordcf@hugedomains.com,Male,130.113.239.100
449,Noe,Petrillo,npetrillocg@comsenz.com,Non-binary,164.253.57.133
450,Tedi,Mingus,tmingusch@forbes.com,Female,109.216.45.210
451,Theresa,Reace,treaceci@goo.ne.jp,Female,4.12.250.225
452,Gibb,Schistl,gschistlcj@webnode.com,Bigender,96.227.210.3
453,Axe,Ebbitt,aebbittck@usatoday.com,Male,188.47.186.95
454,Abagael,Simison,asimisoncl@google.cn,Female,85.251.226.250
455,Hakeem,Kittow,hkittowcm@behance.net,Male,84.196.34.134
456,Smith,Drogan,sdrogancn@cargocollective.com,Male,123.193.63.68
457,Ashia,Hurndall,ahurndallco@netlog.com,Female,221.57.151.194
458,Del,Mincini,dmincinicp@gnu.org,Male,204.238.3.66
459,Francois,Tolussi,ftolussicq@nifty.com,Male,36.3.110.31
460,Jaimie,Smieton,jsmietoncr@dmoz.org,Male,191.58.8.103
461,Grant,Janikowski,gjanikowskics@ucoz.ru,Male,251.30.25.222
462,Christen,Marchington,cmarchingtonct@globo.com,Female,22.231.241.62
463,Niki,Whibley,nwhibleycu@discuz.net,Male,79.160.106.43
464,Isidora,Orcas,iorcascv@weebly.com,Female,25.129.192.225
465,Laurianne,Malin,lmalincw@about.com,Genderfluid,149.164.213.122
466,Corie,Scinelli,cscinellicx@cornell.edu,Female,215.226.103.162
467,Rudyard,Carthy,rcarthycy@wordpress.com,Male,96.140.252.175
468,Artus,Swetland,aswetlandcz@joomla.org,Male,128.161.65.247
469,Mechelle,Gealy,mgealyd0@zimbio.com,Female,205.78.40.73
470,Cyrille,Munkley,cmunkleyd1@tripadvisor.com,Male,27.52.77.42
471,Jillayne,Buckler,jbucklerd2@icq.com,Female,41.49.188.71
472,Belicia,Mulliss,bmullissd3@yahoo.com,Agender,191.181.78.128
473,Lucky,Caveill,lcaveilld4@mail.ru,Female,135.19.140.13
474,Glendon,Dongall,gdongalld5@loc.gov,Male,48.143.164.80
475,Karrie,Keynes,kkeynesd6@fastcompany.com,Female,236.63.160.223
476,Abbe,Blazey,ablazeyd7@unesco.org,Male,38.118.5.204
477,Peyter,Rasmus,prasmusd8@github.io,Male,25.21.102.234
478,Hershel,Pearmine,hpearmined9@biglobe.ne.jp,Male,30.138.203.102
479,Cyndy,Pallis,cpallisda@scientificamerican.com,Female,145.213.244.2
480,Carin,Tremoille,ctremoilledb@businesswire.com,Female,81.168.205.238
481,Lothario,Beange,lbeangedc@theatlantic.com,Male,251.221.177.177
482,Jacob,Bruyns,jbruynsdd@trellian.com,Male,125.183.33.54
483,Nalani,Erskine Sandys,nerskinesandysde@goo.ne.jp,Genderqueer,175.197.241.132
484,Carly,Nijssen,cnijssendf@ft.com,Male,223.164.112.104
485,Xylia,MacArdle,xmacardledg@marriott.com,Female,189.148.219.163
486,Giuseppe,Scourgie,gscourgiedh@independent.co.uk,Agender,236.11.56.12
487,Franciska,Duchant,fduchantdi@artisteer.com,Female,168.178.116.23
488,Edan,Gillean,egilleandj@instagram.com,Male,239.193.182.83
489,Jocelyne,Bourcq,jbourcqdk@surveymonkey.com,Female,89.193.59.2
490,Ginger,Branton,gbrantondl@yolasite.com,Female,118.225.89.38
491,Davide,Spraggon,dspraggondm@facebook.com,Male,227.182.113.156
492,Lowrance,Kollasch,lkollaschdn@mlb.com,Male,42.7.27.48
493,Rodolfo,Couldwell,rcouldwelldo@wisc.edu,Male,43.162.138.118
494,Felicle,Craiker,fcraikerdp@usgs.gov,Female,34.31.228.203
495,Lisa,Fromant,lfromantdq@wired.com,Female,160.24.12.70
496,Findley,Ratcliffe,fratcliffedr@shutterfly.com,Male,178.70.85.142
497,Ardene,Rouff,arouffds@uiuc.edu,Female,36.24.134.235
498,Genni,Eglington,geglingtondt@newyorker.com,Female,54.113.224.191
499,Chalmers,Seddon,cseddondu@webnode.com,Male,18.240.184.172
500,Garrard,Ortet,gortetdv@i2i.jp,Male,163.135.90.138
501,Linet,Lafee,llafeedw@e-recht24.de,Female,85.84.2.15
502,Bernette,Jeremaes,bjeremaesdx@webnode.com,Female,159.92.38.33
503,Jami,Dalzell,jdalzelldy@msn.com,Female,182.236.7.118
504,Jerri,Quadling,jquadlingdz@marketwatch.com,Male,169.221.249.170
505,Mercy,Braundt,mbraundte0@godaddy.com,Female,23.168.84.182
506,Sibel,Gaynes,sgaynese1@huffingtonpost.com,Female,90.170.226.142
507,Joseito,Humberstone,jhumberstonee2@cbsnews.com,Male,176.175.110.197
508,Pate,MacGuffog,pmacguffoge3@vk.com,Male,70.55.243.146
509,Betteanne,Ornils,bornilse4@sfgate.com,Female,240.199.52.102
510,Evan,Bleibaum,ebleibaume5@seattletimes.com,Male,231.149.200.242
511,Vinnie,Jamme,vjammee6@nationalgeographic.com,Female,203.223.81.109
512,Ardith,Ullock,aullocke7@yandex.ru,Female,46.121.138.112
513,Claiborne,Jumonet,cjumonete8@deviantart.com,Male,163.119.128.240
514,Wayland,Fried,wfriede9@reference.com,Male,120.99.189.163
515,Cassandry,Fowlie,cfowlieea@github.com,Female,98.68.18.227
516,Sargent,Westoff,swestoffeb@altervista.org,Male,189.236.234.78
517,Megen,Di Francecshi,mdifrancecshiec@rambler.ru,Female,225.29.195.98
518,Zondra,Widger,zwidgered@friendfeed.com,Female,165.254.225.169
519,Bethena,York,byorkee@elegantthemes.com,Female,245.106.102.48
520,Georges,Bazely,gbazelyef@java.com,Male,179.47.84.14
521,Lance,Sanchis,lsanchiseg@mlb.com,Male,211.173.172.89
522,Winfield,Weddeburn - Scrimgeour,wweddeburnscrimgeoureh@elpais.com,Male,118.1.121.154
523,Ofilia,Robiou,orobiouei@qq.com,Female,8.140.65.84
524,Garrard,Keizman,gkeizmanej@51.la,Male,154.42.91.103
525,Ximenes,Fleetham,xfleethamek@dmoz.org,Male,104.187.17.94
526,Sherwynd,Laugier,slaugierel@wordpress.com,Male,73.31.98.106
527,Sissie,Diggar,sdiggarem@livejournal.com,Female,137.223.138.139
528,Dal,Patman,dpatmanen@cnbc.com,Male,170.178.6.45
529,Travus,Jenyns,tjenynseo@unc.edu,Male,40.0.236.177
530,Kittie,Sauvan,ksauvanep@dedecms.com,Female,35.170.15.36
531,Virge,Marconi,vmarconieq@wikispaces.com,Polygender,190.227.212.215
532,Maxim,Clague,mclagueer@alibaba.com,Male,216.61.93.141
533,Burch,Keenlyside,bkeenlysidees@cmu.edu,Male,72.74.183.7
534,Arnold,Vause,avauseet@diigo.com,Genderfluid,226.87.226.130
535,Cathyleen,de Clerc,cdeclerceu@nasa.gov,Female,213.35.236.148
536,Sigfrid,Mahaddy,smahaddyev@bandcamp.com,Male,118.216.251.146
537,Errick,Graves,egravesew@naver.com,Male,80.174.28.172
538,Cody,Mattaser,cmattaserex@bizjournals.com,Female,137.229.168.142
539,Selma,McMychem,smcmychemey@cbsnews.com,Genderqueer,236.67.66.197
540,Joseito,Evamy,jevamyez@mashable.com,Male,130.20.205.115
541,Grata,Gilli,ggillif0@wix.com,Female,249.79.138.115
542,Cortney,Anger,cangerf1@loc.gov,Female,89.182.247.50
543,Ardeen,Drissell,adrissellf2@discovery.com,Female,146.40.134.44
544,Issiah,Tendahl,itendahlf3@wired.com,Male,94.151.223.183
545,Giovanna,Crankhorn,gcrankhornf4@jimdo.com,Female,229.193.134.50
546,Sheffie,McGreay,smcgreayf5@github.io,Male,3.25.170.13
547,Cecile,Connaughton,cconnaughtonf6@tripadvisor.com,Female,75.138.92.173
548,Colby,Learoyd,clearoydf7@weather.com,Male,188.24.28.150
549,Bess,Benedict,bbenedictf8@mozilla.org,Female,37.173.120.5
550,Caz,Suermeiers,csuermeiersf9@chron.com,Male,107.202.119.9
551,Timofei,Jumel,tjumelfa@deviantart.com,Genderqueer,113.12.177.34
552,Sebastian,Korneichuk,skorneichukfb@sbwire.com,Male,97.66.210.99
553,Aeriela,Braddick,abraddickfc@spiegel.de,Female,111.247.121.65
554,Ashlin,Borthe,aborthefd@vimeo.com,Male,150.1.151.120
555,Reuben,Ham,rhamfe@xrea.com,Male,26.32.35.22
556,Dulcie,Eliasen,deliasenff@wordpress.com,Female,249.16.48.207
557,Susan,Hagwood,shagwoodfg@thetimes.co.uk,Female,66.15.126.165
558,Mitchel,Conkie,mconkiefh@bluehost.com,Agender,150.206.226.241
559,Lillian,Grafton-Herbert,lgraftonherbertfi@businessinsider.com,Female,92.108.95.120
560,Edmon,Sabater,esabaterfj@tumblr.com,Genderqueer,179.160.208.35
561,Carlyle,Gentner,cgentnerfk@amazon.co.uk,Male,217.193.131.27
562,Godfry,Hallex,ghallexfl@homestead.com,Male,17.201.211.146
563,Orsola,Thickens,othickensfm@google.com.hk,Female,253.122.137.137
564,Padriac,Dessent,pdessentfn@istockphoto.com,Male,185.189.232.93
565,Fletch,Hutchens,fhutchensfo@4shared.com,Polygender,116.239.214.230
566,Orville,Angier,oangierfp@msu.edu,Male,232.52.213.51
567,Lorianna,Hiley,lhileyfq@nsw.gov.au,Female,224.145.233.144
568,Errick,Kobierra,ekobierrafr@ameblo.jp,Male,161.207.85.198
569,Brade,Renac,brenacfs@studiopress.com,Male,69.164.241.186
570,Kit,Tunstall,ktunstallft@irs.gov,Female,83.214.45.242
571,Hadleigh,Saggers,hsaggersfu@github.io,Male,252.201.217.98
572,Ermanno,Fatkin,efatkinfv@macromedia.com,Male,199.11.110.193
573,Austen,Parminter,aparminterfw@dropbox.com,Bigender,154.28.108.61
574,Rock,Peachman,rpeachmanfx@xrea.com,Male,252.60.236.4
575,Querida,Hardeman,qhardemanfy@sogou.com,Female,151.46.63.36
576,Garret,Blackler,gblacklerfz@sciencedirect.com,Male,53.192.129.173
577,Miguel,Roycroft,mroycroftg0@utexas.edu,Male,140.226.22.165
578,Trina,Fryer,tfryerg1@ted.com,Female,196.227.235.29
579,Felisha,Papachristophorou,fpapachristophoroug2@adobe.com,Female,147.169.91.50
580,Arnaldo,Kidsley,akidsleyg3@sohu.com,Male,207.177.239.148
581,Ruby,Mallen,rmalleng4@spotify.com,Female,200.195.83.96
582,Pincus,Spataro,pspatarog5@seesaa.net,Male,57.212.35.167
583,Hulda,Springle,hspringleg6@xinhuanet.com,Genderqueer,118.241.240.223
584,Aridatha,Whitfield,awhitfieldg7@arstechnica.com,Female,206.16.146.64
585,Inger,Vanichkov,ivanichkovg8@taobao.com,Male,191.101.79.145
586,Kristel,Camous,kcamousg9@kickstarter.com,Female,245.217.46.221
587,Cecilla,Payne,cpaynega@wikispaces.com,Female,160.174.202.240
588,Danette,Worts,dwortsgb@soup.io,Female,172.172.106.135
589,Rubie,Neward,rnewardgc@nifty.com,Female,119.245.93.51
590,Haley,Whitloe,hwhitloegd@usnews.com,Male,61.228.50.153
591,Sheffield,Bothe,sbothege@goo.gl,Polygender,79.95.76.124
592,Alain,Booeln,abooelngf@mlb.com,Male,83.138.91.230
593,Morty,Whitwham,mwhitwhamgg@walmart.com,Polygender,253.116.16.201
594,Emelyne,Tebbet,etebbetgh@yolasite.com,Female,73.208.6.74
595,Rafael,Stainburn,rstainburngi@toplist.cz,Male,64.232.235.0
596,Evonne,Normaville,enormavillegj@samsung.com,Female,194.149.89.48
597,Cecilia,Dilnot,cdilnotgk@house.gov,Female,155.201.70.122
598,Nancy,Mimmack,nmimmackgl@exblog.jp,Female,130.129.90.227
599,Kiel,Dodding,kdoddinggm@unc.edu,Male,231.171.217.23
600,Stinky,Burnitt,sburnittgn@discuz.net,Male,107.189.193.53
601,Ev,Brazil,ebrazilgo@about.com,Male,9.109.81.130
602,Olimpia,Laurent,olaurentgp@vimeo.com,Female,83.178.15.81
603,Philip,Duggleby,pdugglebygq@chronoengine.com,Male,137.137.141.16
604,Jerome,McElree,jmcelreegr@bloomberg.com,Male,214.199.138.11
605,Darbee,Zannolli,dzannolligs@bbb.org,Male,148.183.20.124
606,Vannie,M'Quharge,vmquhargegt@dell.com,Female,37.169.190.76
607,Caron,Hartburn,chartburngu@amazon.de,Genderfluid,74.111.250.203
608,Lolita,Akerman,lakermangv@nationalgeographic.com,Female,237.108.74.55
609,Danny,Cantopher,dcantophergw@baidu.com,Female,14.177.156.187
610,Michail,Gibbins,mgibbinsgx@pinterest.com,Male,4.212.159.10
611,Artur,Hadwin,ahadwingy@bigcartel.com,Male,102.217.81.88
612,Allix,Blacklawe,ablacklawegz@dmoz.org,Female,118.154.171.140
613,Nathalia,Esterbrook,nesterbrookh0@usgs.gov,Female,156.155.153.232
614,Park,Bogie,pbogieh1@nsw.gov.au,Male,140.28.182.2
615,Trenna,Kirkebye,tkirkebyeh2@nifty.com,Female,122.80.118.47
616,Aggy,Cruess,acruessh3@miitbeian.gov.cn,Female,179.242.203.223
617,Dorise,Peltzer,dpeltzerh4@businesswire.com,Female,194.49.254.205
618,Otho,Gravell,ogravellh5@msn.com,Genderfluid,68.164.115.153
619,Melba,Blumson,mblumsonh6@netvibes.com,Female,23.217.148.175
620,Marlo,Coupar,mcouparh7@soup.io,Male,196.122.150.198
621,Charlie,McGlew,cmcglewh8@umn.edu,Male,247.74.140.134
622,Rafael,Zanussii,rzanussiih9@mozilla.com,Male,69.167.182.189
623,Jordon,Woolmore,jwoolmoreha@examiner.com,Male,163.235.66.89
624,Park,Weond,pweondhb@state.tx.us,Male,110.136.149.194
625,Travis,Kohen,tkohenhc@google.com.au,Male,47.114.163.147
626,Amil,Wylder,awylderhd@umich.edu,Female,29.21.43.159
627,Fayette,MacConnal,fmacconnalhe@cbslocal.com,Female,0.220.169.19
628,Pebrook,McKenna,pmckennahf@dailymail.co.uk,Male,30.17.170.8
629,Karlens,Athersmith,kathersmithhg@freewebs.com,Male,246.234.6.22
630,Maxie,Sanham,msanhamhh@cmu.edu,Male,97.74.66.24
631,Katha,Giraudo,kgiraudohi@elpais.com,Female,243.159.15.22
632,Osbert,Bradden,obraddenhj@liveinternet.ru,Male,200.97.4.19
633,Carling,Yeatman,cyeatmanhk@mayoclinic.com,Non-binary,70.129.111.98
634,Alexi,Heddan,aheddanhl@slate.com,Female,45.65.173.80
635,Shayne,Heppenspall,sheppenspallhm@meetup.com,Male,230.160.32.209
636,Nola,Bordis,nbordishn@1688.com,Female,1.190.207.58
637,Mischa,Toombs,mtoombsho@jugem.jp,Male,31.116.233.217
638,Goldarina,Rossbrooke,grossbrookehp@bandcamp.com,Female,225.80.99.45
639,Ethelind,Hawkin,ehawkinhq@digg.com,Female,236.182.11.104
640,Smitty,Alphege,salphegehr@usda.gov,Male,8.163.243.155
641,Phillip,Elvins,pelvinshs@altervista.org,Male,197.56.24.126
642,Annemarie,Fairholme,afairholmeht@ehow.com,Female,208.118.146.134
643,Karoly,Abreheart,kabrehearthu@gov.uk,Male,222.225.206.239
644,Berrie,Pearton,bpeartonhv@barnesandnoble.com,Female,208.161.53.127
645,Franchot,Vaughan,fvaughanhw@twitpic.com,Male,102.114.114.54
646,Alden,Osselton,aosseltonhx@barnesandnoble.com,Male,239.0.166.162
647,Trenna,Dene,tdenehy@tiny.cc,Female,176.248.178.120
648,Fan,Dowglass,fdowglasshz@edublogs.org,Female,30.191.85.7
649,Jori,Pervew,jpervewi0@amazon.co.uk,Female,97.99.18.113
650,Rudiger,Bogey,rbogeyi1@theguardian.com,Male,31.124.111.207
651,Marcie,Mottinelli,mmottinellii2@forbes.com,Female,40.98.120.108
652,Lindsay,Osband,losbandi3@acquirethisname.com,Male,18.218.81.137
653,Tracee,Mabbett,tmabbetti4@mapy.cz,Female,219.152.215.33
654,Rafaelita,Tow,rtowi5@google.com.br,Female,173.247.127.51
655,Monroe,Redfern,mredferni6@nydailynews.com,Male,169.32.6.15
656,Brendan,Brechin,bbrechini7@cnet.com,Male,224.131.90.169
657,Lara,Leonida,lleonidai8@cyberchimps.com,Female,158.79.35.144
658,Emanuel,Locard,elocardi9@purevolume.com,Male,140.144.109.34
659,Kellina,Hurrion,khurrionia@webs.com,Female,156.127.81.189
660,Melamie,Rozalski,mrozalskiib@meetup.com,Female,225.215.247.115
661,Patrica,McClelland,pmcclellandic@umich.edu,Female,163.172.124.166
662,Barny,Chevalier,bchevalierid@blogs.com,Male,51.141.125.51
663,Darnell,Ferro,dferroie@ihg.com,Polygender,168.55.79.198
664,Nissie,Leindecker,nleindeckerif@about.com,Bigender,192.4.66.125
665,Vaughan,Blizard,vblizardig@alibaba.com,Male,78.10.77.17
666,Beryl,Gibson,bgibsonih@comcast.net,Female,12.254.179.89
667,Boote,Wintour,bwintourii@merriam-webster.com,Male,211.235.198.76
668,Gaynor,Adanet,gadanetij@ezinearticles.com,Female,38.72.234.155
669,Orion,Muldoon,omuldoonik@google.ru,Male,88.20.182.157
670,Stesha,Orbon,sorbonil@shinystat.com,Female,142.12.215.250
671,Zola,Antonioni,zantonioniim@slashdot.org,Female,219.189.110.7
672,Thomasine,De Rye Barrett,tderyebarrettin@amazon.com,Female,96.237.223.16
673,Morry,Bortoletti,mbortolettiio@house.gov,Male,172.42.96.212
674,Maritsa,Towndrow,mtowndrowip@time.com,Female,133.122.246.245
675,Alexandr,Verrico,averricoiq@europa.eu,Male,255.104.162.186
676,Jabez,Dunbar,jdunbarir@ft.com,Bigender,253.151.115.231
677,Daffy,Nore,dnoreis@economist.com,Female,232.135.193.104
678,Coral,Cavaney,ccavaneyit@homestead.com,Female,209.247.159.52
679,Moritz,Sheather,msheatheriu@usda.gov,Male,50.24.127.76
680,Georgie,Oliveras,goliverasiv@google.pl,Male,210.218.180.241
681,Sander,Sives,ssivesiw@icq.com,Male,115.231.96.27
682,Reinaldos,Scambler,rscamblerix@cafepress.com,Male,62.104.202.83
683,Wait,Beaushaw,wbeaushawiy@xrea.com,Agender,145.145.38.194
684,Eric,Sympson,esympsoniz@ezinearticles.com,Male,0.85.180.77
685,Jillian,Defew,jdefewj0@nasa.gov,Female,142.98.37.255
686,Ardath,Botger,abotgerj1@bigcartel.com,Female,70.64.98.189
687,Granthem,Wynne,gwynnej2@jalbum.net,Male,134.73.172.184
688,Creight,Hindshaw,chindshawj3@thetimes.co.uk,Male,61.34.241.3
689,Merwin,de Villier,mdevillierj4@deliciousdays.com,Male,80.26.254.184
690,Erek,Aspland,easplandj5@wunderground.com,Male,247.142.161.166
691,Winslow,Gailor,wgailorj6@ox.ac.uk,Male,96.156.46.204
692,Inglebert,Rannigan,iranniganj7@amazonaws.com,Male,249.141.175.178
693,Stevie,Ceschelli,sceschellij8@dell.com,Male,53.2.45.29
694,Elyn,Deinhardt,edeinhardtj9@trellian.com,Female,77.238.64.242
695,Anna-diane,Furley,afurleyja@deviantart.com,Female,197.107.74.143
696,Even,Jurs,ejursjb@dell.com,Male,98.121.35.205
697,Gaby,Causer,gcauserjc@thetimes.co.uk,Female,16.56.48.101
698,Daune,Dufton,dduftonjd@dailymail.co.uk,Female,96.233.203.152
699,Basilius,Petkov,bpetkovje@example.com,Male,247.128.29.166
700,Jillana,Crosbie,jcrosbiejf@cpanel.net,Polygender,10.46.45.50
701,Wyn,Heaker,wheakerjg@columbia.edu,Male,80.198.33.133
702,Wyatan,Vynall,wvynalljh@blogs.com,Male,61.40.93.159
703,Luke,Adams,ladamsji@squidoo.com,Male,216.69.67.93
704,Deana,Colthard,dcolthardjj@exblog.jp,Female,193.203.81.210
705,Cody,O'Bradain,cobradainjk@reuters.com,Female,170.36.109.47
706,Cleon,Mc Andrew,cmcandrewjl@columbia.edu,Male,4.235.56.39
707,Felipe,Gelder,fgelderjm@abc.net.au,Male,134.149.226.38
708,Franciska,Murrie,fmurriejn@uol.com.br,Female,20.244.42.84
709,Wenona,McKeown,wmckeownjo@google.es,Female,81.91.80.15
710,Kimberlee,Meran,kmeranjp@geocities.com,Non-binary,231.52.192.212
711,Karlan,Nicolson,knicolsonjq@lycos.com,Male,75.115.78.13
712,Deeann,Elliott,delliottjr@hp.com,Female,52.36.162.131
713,Krysta,Trebble,ktrebblejs@pbs.org,Female,93.23.232.224
714,Tarah,Sandcraft,tsandcraftjt@exblog.jp,Non-binary,171.203.48.40
715,Berni,Mundwell,bmundwellju@diigo.com,Female,109.188.91.232
716,Cos,McGeouch,cmcgeouchjv@sun.com,Male,225.202.187.116
717,Doreen,Lethibridge,dlethibridgejw@lulu.com,Female,213.31.9.210
718,Frans,Allin,fallinjx@zdnet.com,Male,115.152.240.216
719,Cherice,Davidi,cdavidijy@ning.com,Bigender,46.123.228.156
720,Toma,MacWilliam,tmacwilliamjz@about.me,Female,76.97.17.195
721,Kim,Van Geffen,kvangeffenk0@illinois.edu,Female,226.143.149.64
722,Morganne,Jozef,mjozefk1@salon.com,Female,96.149.131.42
723,Tremayne,Witchalls,twitchallsk2@123-reg.co.uk,Male,85.15.43.49
724,Eadith,Kording,ekordingk3@liveinternet.ru,Female,81.40.131.127
725,Car,Springtorpe,cspringtorpek4@ebay.com,Male,234.135.181.169
726,Foss,Gonzalo,fgonzalok5@feedburner.com,Male,12.55.213.12
727,Casandra,Kinsey,ckinseyk6@redcross.org,Female,6.137.35.5
728,Rafaellle,Spur,rspurk7@sbwire.com,Male,174.93.136.203
729,Bartlett,Divina,bdivinak8@dedecms.com,Male,61.73.52.38
730,Ave,Duggleby,adugglebyk9@google.fr,Male,184.67.77.13
731,Nathanial,De Hailes,ndehaileska@whitehouse.gov,Male,240.46.88.120
732,Abbi,Fannon,afannonkb@imageshack.us,Female,72.47.65.131
733,Felipe,Ruddin,fruddinkc@imageshack.us,Male,244.156.206.25
734,Casi,Kleeman,ckleemankd@admin.ch,Female,44.2.112.109
735,Jerrylee,Keppie,jkeppieke@cocolog-nifty.com,Female,247.90.74.54
736,Nicola,Becaris,nbecariskf@unesco.org,Male,124.64.36.76
737,Donovan,Fairfull,dfairfullkg@newyorker.com,Male,194.195.64.227
738,Ileana,Timlin,itimlinkh@google.es,Female,99.73.61.119
739,Salomone,Bogace,sbogaceki@ucla.edu,Male,89.174.255.92
740,Rhianna,Wellington,rwellingtonkj@cnn.com,Female,130.162.227.12
741,Wyatan,Yabsley,wyabsleykk@hibu.com,Male,162.164.55.67
742,Andrey,Andor,aandorkl@prnewswire.com,Non-binary,209.68.159.174
743,Frederic,Dougliss,fdouglisskm@pbs.org,Male,245.35.119.33
744,Coraline,Mc Corley,cmccorleykn@about.com,Female,215.194.252.20
745,Robin,Corrigan,rcorriganko@aboutads.info,Male,24.29.134.2
746,Archambault,Somersett,asomersettkp@networksolutions.com,Male,213.212.71.92
747,Rolph,Stevings,rstevingskq@squarespace.com,Male,127.61.87.13
748,Xerxes,Penlington,xpenlingtonkr@myspace.com,Male,134.105.120.254
749,Lombard,Upwood,lupwoodks@furl.net,Male,204.143.35.146
750,Tait,Crittal,tcrittalkt@artisteer.com,Bigender,210.122.43.186
751,Karee,Moorman,kmoormanku@friendfeed.com,Female,186.199.130.167
752,Silvia,Goad,sgoadkv@homestead.com,Female,79.205.219.183
753,Hayley,Crutchley,hcrutchleykw@creativecommons.org,Female,96.3.145.24
754,Wilbert,Lardez,wlardezkx@hc360.com,Male,172.194.143.227
755,Padgett,Gass,pgassky@abc.net.au,Polygender,204.101.161.20
756,Dionisio,Tatton,dtattonkz@cdbaby.com,Male,98.158.233.169
757,Jolee,Dahlback,jdahlbackl0@chicagotribune.com,Female,122.23.106.182
758,Marion,Dubs,mdubsl1@nbcnews.com,Male,68.39.14.40
759,Rossie,Weightman,rweightmanl2@accuweather.com,Male,92.55.107.39
760,Berton,Vreiberg,bvreibergl3@java.com,Male,185.172.18.52
761,Filippo,Olman,folmanl4@joomla.org,Male,248.229.163.103
762,Nollie,Keddle,nkeddlel5@photobucket.com,Male,46.169.114.200
763,Zea,Maiklem,zmaikleml6@fastcompany.com,Female,210.170.64.94
764,Rona,Bettles,rbettlesl7@tinyurl.com,Female,150.250.14.3
765,Franky,Podbury,fpodburyl8@gravatar.com,Male,163.132.241.187
766,Katherine,Le Barre,klebarrel9@buzzfeed.com,Female,26.82.217.140
767,Greta,Keeble,gkeeblela@ucla.edu,Genderfluid,246.214.201.255
768,Dallon,Joutapaitis,djoutapaitislb@sogou.com,Male,182.191.193.26
769,Knox,Tomkys,ktomkyslc@hatena.ne.jp,Male,19.91.151.151
770,Burr,Lared,blaredld@bloglovin.com,Male,82.78.83.185
771,Bert,Bitcheno,bbitchenole@nifty.com,Female,112.191.7.249
772,Lona,Tarver,ltarverlf@soup.io,Female,55.233.17.37
773,Forbes,Fouracres,ffouracreslg@cbslocal.com,Male,23.77.85.125
774,Hilarius,Aguirre,haguirrelh@merriam-webster.com,Male,147.223.191.141
775,Orville,Dudny,odudnyli@merriam-webster.com,Male,110.116.210.209
776,Josh,Janway,jjanwaylj@artisteer.com,Male,94.46.69.169
777,Tallulah,Klimke,tklimkelk@sfgate.com,Female,206.18.12.179
778,Haskell,Warbys,hwarbysll@arizona.edu,Male,145.177.72.68
779,Milly,Dalwood,mdalwoodlm@freewebs.com,Female,244.25.23.254
780,Fidel,Mursell,fmursellln@reddit.com,Male,168.111.231.53
781,Nathanial,Croose,ncrooselo@bandcamp.com,Male,87.111.98.70
782,Jarred,Mingo,jmingolp@rambler.ru,Male,94.114.6.19
783,Ase,Fishpoole,afishpoolelq@fc2.com,Male,21.166.135.58
784,Hestia,Booty,hbootylr@bluehost.com,Female,34.103.147.48
785,Travis,Pascall,tpascallls@dot.gov,Male,81.4.0.145
786,Marta,Goodbairn,mgoodbairnlt@freewebs.com,Female,110.94.75.121
787,Shanta,Siggins,ssigginslu@digg.com,Female,251.160.115.247
788,Barnard,Roydon,broydonlv@constantcontact.com,Male,40.17.69.177
789,Anallese,Langthorne,alangthornelw@example.com,Female,61.1.71.97
790,Nancie,Birch,nbirchlx@bloglines.com,Female,243.36.227.130
791,Eunice,Verrick,everrickly@howstuffworks.com,Female,90.215.153.8
792,Celestine,Elson,celsonlz@theguardian.com,Female,107.18.172.199
793,Natalie,Flude,nfludem0@comcast.net,Female,233.71.124.180
794,Lyndel,Shields,lshieldsm1@theatlantic.com,Bigender,88.30.122.63
795,Richard,Houlison,rhoulisonm2@bizjournals.com,Male,135.139.179.31
796,Elli,Vose,evosem3@reddit.com,Female,63.82.99.72
797,Farlay,Caddick,fcaddickm4@bloglines.com,Male,12.210.56.167
798,Victoir,Sidden,vsiddenm5@uol.com.br,Male,116.113.201.67
799,Ophelie,Hagan,ohaganm6@addtoany.com,Female,197.172.85.206
800,Agnola,Everleigh,aeverleighm7@ask.com,Female,13.16.0.0
801,Minetta,Dudmarsh,mdudmarshm8@cisco.com,Female,14.217.25.253
802,Colet,Romei,cromeim9@csmonitor.com,Male,154.46.76.176
803,Layne,Marte,lmartema@gnu.org,Female,217.34.85.124
804,Chev,Mattevi,cmattevimb@house.gov,Male,51.4.149.93
805,Ingamar,Smitheram,ismitherammc@economist.com,Male,85.172.197.243
806,Reuben,Bathowe,rbathowemd@furl.net,Male,40.38.90.81
807,Averill,Betser,abetserme@sciencedaily.com,Genderfluid,72.251.250.245
808,Dorise,McMenamy,dmcmenamymf@livejournal.com,Female,22.178.248.191
809,Eugenie,Mathe,emathemg@dion.ne.jp,Female,24.5.53.182
810,Dexter,Shotboulte,dshotboultemh@godaddy.com,Male,157.115.203.135
811,Niles,Halshaw,nhalshawmi@unc.edu,Male,123.12.51.138
812,Shela,Rands,srandsmj@aol.com,Female,22.0.93.158
813,Lizabeth,Lambersen,llambersenmk@mysql.com,Female,21.255.198.212
814,Aurelia,Dagger,adaggerml@state.gov,Female,142.13.12.109
815,Justina,Northcott,jnorthcottmm@zdnet.com,Female,79.156.96.126
816,Michell,Nise,mnisemn@angelfire.com,Female,175.215.37.60
817,Ulla,Avison,uavisonmo@theatlantic.com,Female,229.173.113.18
818,Carie,Camplin,ccamplinmp@hao123.com,Female,43.58.251.250
819,Grete,Tortoishell,gtortoishellmq@businessinsider.com,Female,242.59.29.47
820,Persis,Melburg,pmelburgmr@barnesandnoble.com,Female,23.11.41.67
821,Brandea,Beggs,bbeggsms@tumblr.com,Female,128.153.28.170
822,Massimiliano,Teml,mtemlmt@mediafire.com,Male,2.35.134.83
823,Karlan,Mohamed,kmohamedmu@time.com,Male,97.8.222.90
824,Theodoric,Pratley,tpratleymv@gnu.org,Male,238.43.254.111
825,Gregorio,McTague,gmctaguemw@ibm.com,Male,196.224.107.116
826,Mechelle,Josefsohn,mjosefsohnmx@ucoz.ru,Female,247.172.17.93
827,Fairfax,Hoonahan,fhoonahanmy@wisc.edu,Male,253.89.18.218
828,Dulcy,Cochran,dcochranmz@deviantart.com,Female,173.48.11.52
829,Mylo,Rabjohns,mrabjohnsn0@t-online.de,Male,40.165.146.183
830,Artemus,McGarry,amcgarryn1@histats.com,Male,5.56.45.231
831,Breanne,Sterzaker,bsterzakern2@behance.net,Female,39.37.64.27
832,Kennedy,Idell,kidelln3@mapy.cz,Male,128.5.34.103
833,Patton,Braybrooke,pbraybrooken4@wsj.com,Male,53.20.233.192
834,Noel,Yesichev,nyesichevn5@google.com,Female,128.80.109.94
835,Shell,Lacroix,slacroixn6@loc.gov,Female,230.43.170.134
836,Cosette,Gillhespy,cgillhespyn7@bbc.co.uk,Non-binary,88.173.135.178
837,Christophe,Sollime,csollimen8@opensource.org,Male,107.83.95.122
838,Datha,Vennard,dvennardn9@networkadvertising.org,Female,72.139.254.204
839,Aharon,Shilleto,ashilletona@altervista.org,Genderqueer,94.229.5.56
840,Hyacintha,Plumm,hplummnb@ustream.tv,Female,78.194.171.140
841,Vin,Venour,vvenournc@fc2.com,Male,18.250.75.152
842,Alexi,Szimoni,aszimonind@businessinsider.com,Female,86.195.17.84
843,Rosanne,Readwin,rreadwinne@nhs.uk,Female,41.154.47.151
844,Findley,Sinkin,fsinkinnf@mashable.com,Polygender,59.230.43.150
845,Lock,Schermick,lschermickng@pbs.org,Male,205.210.65.159
846,Silas,Dominelli,sdominellinh@mayoclinic.com,Male,52.161.242.152
847,Muhammad,Sansom,msansomni@parallels.com,Male,195.164.6.247
848,Ced,Mewe,cmewenj@mac.com,Male,152.101.76.218
849,Glyn,Emberson,gembersonnk@vimeo.com,Male,204.142.128.159
850,Giacobo,Lightoller,glightollernl@economist.com,Male,59.171.57.18
851,Ainslie,Weinmann,aweinmannnm@clickbank.net,Agender,155.25.165.165
852,Beitris,Mancktelow,bmancktelownn@ed.gov,Female,18.61.82.108
853,Sterling,Dedon,sdedonno@timesonline.co.uk,Male,93.82.153.148
854,Sansone,Izakovitz,sizakovitznp@live.com,Bigender,176.117.93.144
855,Nefen,Lafoy,nlafoynq@amazon.de,Male,35.106.55.129
856,Sherill,Crowd,scrowdnr@wunderground.com,Agender,226.218.77.127
857,Rubin,Simcoe,rsimcoens@meetup.com,Non-binary,7.66.149.99
858,Hasheem,Braven,hbravennt@ocn.ne.jp,Male,191.190.185.240
859,Bealle,Murkin,bmurkinnu@slate.com,Genderfluid,218.245.251.115
860,Brnaby,Gerty,bgertynv@princeton.edu,Male,204.5.60.124
861,Roseanne,Rodrigues,rrodriguesnw@ucoz.com,Female,245.11.131.244
862,Chandra,Leadbeater,cleadbeaternx@globo.com,Female,59.210.207.108
863,Sean,Scorah,sscorahny@mit.edu,Female,43.75.113.36
864,Chere,Canedo,ccanedonz@buzzfeed.com,Female,208.244.246.147
865,Kent,Houchin,khouchino0@bandcamp.com,Male,236.89.81.46
866,Adolphus,Buzza,abuzzao1@berkeley.edu,Male,159.168.143.212
867,Kary,Ambrosi,kambrosio2@symantec.com,Female,156.34.213.254
868,Maighdiln,Gourlie,mgourlieo3@creativecommons.org,Female,11.108.90.82
869,Darice,Curling,dcurlingo4@usda.gov,Female,204.57.62.83
870,Clemence,Ginner,cginnero5@wsj.com,Female,246.219.97.205
871,Hartwell,Leavry,hleavryo6@dagondesign.com,Male,236.5.172.110
872,Enrica,Rosle,erosleo7@telegraph.co.uk,Female,79.54.27.234
873,Jaime,Aleksidze,jaleksidzeo8@irs.gov,Male,214.42.124.172
874,Raeann,Gilliat,rgilliato9@plala.or.jp,Female,197.46.212.69
875,Moll,Giovanitti,mgiovanittioa@google.com.br,Female,88.135.24.229
876,Korie,Bulled,kbulledob@walmart.com,Female,47.35.193.175
877,Micki,Shelvey,mshelveyoc@ask.com,Polygender,143.124.86.192
878,Florian,Skydall,fskydallod@nih.gov,Male,101.251.225.220
879,Melantha,Powdrill,mpowdrilloe@yahoo.com,Female,158.194.26.81
880,Margarethe,Wife,mwifeof@slate.com,Female,157.209.222.130
881,Raffaello,Nickless,rnicklessog@wsj.com,Male,193.60.253.26
882,Peyton,Jeffers,pjeffersoh@clickbank.net,Male,228.9.15.205
883,Rosco,Tunnoch,rtunnochoi@ebay.com,Male,52.151.247.105
884,Luz,Hadcroft,lhadcroftoj@facebook.com,Female,174.135.114.230
885,Cindelyn,Wank,cwankok@netscape.com,Female,230.201.86.120
886,Richard,Stilling,rstillingol@europa.eu,Male,233.170.132.126
887,Frans,Bownass,fbownassom@nps.gov,Male,165.238.69.23
888,Gena,Di Giorgio,gdigiorgioon@freewebs.com,Female,144.118.20.228
889,Blair,Peron,bperonoo@howstuffworks.com,Female,83.29.172.187
890,Barb,Waddilow,bwaddilowop@cmu.edu,Female,71.82.208.120
891,Anna-diana,Warbey,awarbeyoq@de.vu,Female,193.187.156.226
892,Olin,Abramsky,oabramskyor@a8.net,Male,39.66.128.80
893,Mandel,Dearnaley,mdearnaleyos@vistaprint.com,Male,202.142.217.83
894,Darelle,L'Episcopio,dlepiscopioot@nsw.gov.au,Female,243.120.238.13
895,Brnaby,Isham,bishamou@earthlink.net,Male,154.34.111.97
896,Anica,Grandison,agrandisonov@google.de,Female,84.41.64.74
897,Darsie,Sikorski,dsikorskiow@netscape.com,Female,70.126.177.127
898,Taddeusz,Willacot,twillacotox@google.co.uk,Male,244.190.218.94
899,Leela,Burbudge,lburbudgeoy@paypal.com,Female,168.212.53.22
900,Robby,Shedd,rsheddoz@hp.com,Male,29.57.226.104
901,Lexy,Chastey,lchasteyp0@lulu.com,Female,46.93.120.200
902,Raffarty,Martensen,rmartensenp1@chicagotribune.com,Male,15.66.242.12
903,Lotte,Hoys,lhoysp2@diigo.com,Non-binary,236.223.197.39
904,Diahann,Tourmell,dtourmellp3@fastcompany.com,Female,6.243.226.122
905,Meir,Wicklin,mwicklinp4@wired.com,Male,150.224.79.110
906,Carrol,Sleney,csleneyp5@springer.com,Male,46.198.139.13
907,Grenville,Tabord,gtabordp6@webs.com,Male,151.56.202.122
908,Morgan,Domesday,mdomesdayp7@sciencedirect.com,Female,168.33.65.206
909,Pamelina,Baudinelli,pbaudinellip8@pbs.org,Female,241.51.230.100
910,Roby,Fitter,rfitterp9@foxnews.com,Female,50.250.124.122
911,Danice,Binnall,dbinnallpa@washingtonpost.com,Female,134.31.131.196
912,Base,Ventom,bventompb@epa.gov,Male,77.61.50.75
913,Ginni,Carlan,gcarlanpc@discovery.com,Female,141.106.220.251
914,Paige,McCreagh,pmccreaghpd@dailymail.co.uk,Female,225.232.14.193
915,Keefer,Knellen,kknellenpe@naver.com,Male,219.24.192.50
916,Lorinda,Moggle,lmogglepf@icq.com,Female,241.148.174.237
917,Cleavland,Beville,cbevillepg@sphinn.com,Male,63.107.239.243
918,Giffer,McGraw,gmcgrawph@tiny.cc,Male,215.67.13.253
919,Rance,Etteridge,retteridgepi@delicious.com,Male,12.184.216.69
920,Martino,Eble,meblepj@vinaora.com,Male,233.132.47.173
921,Reinwald,Heeran,rheeranpk@cam.ac.uk,Male,197.173.52.249
922,Abramo,Kubin,akubinpl@acquirethisname.com,Male,183.148.195.202
923,Shirlene,Escalero,sescaleropm@alexa.com,Female,102.11.52.108
924,Vania,Vine,vvinepn@mysql.com,Agender,124.213.48.68
925,Jacky,Barthelmes,jbarthelmespo@nasa.gov,Female,181.62.29.62
926,Frasco,Cuskery,fcuskerypp@hexun.com,Male,176.67.34.115
927,Vinni,Felipe,vfelipepq@ning.com,Female,42.186.226.203
928,Ebeneser,McSweeney,emcsweeneypr@fc2.com,Genderqueer,236.185.41.247
929,Dev,Wase,dwaseps@rediff.com,Male,128.5.170.26
930,Giacomo,Westrope,gwestropept@ehow.com,Non-binary,72.81.65.186
931,Lark,Robb,lrobbpu@xing.com,Female,199.157.126.175
932,Chickie,Dyneley,cdyneleypv@imageshack.us,Male,42.3.168.99
933,Sallyann,Switland,sswitlandpw@facebook.com,Female,180.51.80.243
934,Coleen,Lude,cludepx@digg.com,Female,3.104.195.29
935,Graham,Badland,gbadlandpy@1688.com,Male,242.183.217.170
936,Prince,Ide,pidepz@g.co,Male,4.136.121.167
937,Genovera,Elliot,gelliotq0@w3.org,Female,64.86.57.192
938,Meredithe,Aldcorne,maldcorneq1@wisc.edu,Female,93.217.235.4
939,Wilburt,Valdes,wvaldesq2@shop-pro.jp,Male,191.12.220.89
940,Kurtis,Goodswen,kgoodswenq3@patch.com,Male,122.131.158.194
941,Mae,Carren,mcarrenq4@wikimedia.org,Bigender,251.156.120.54
942,Olenka,Slatford,oslatfordq5@jimdo.com,Female,22.129.144.155
943,Jobina,Landrieu,jlandrieuq6@hibu.com,Female,70.35.108.190
944,Josey,Ianittello,jianittelloq7@qq.com,Female,113.58.160.18
945,Gustave,Paternoster,gpaternosterq8@mozilla.com,Male,136.88.44.252
946,Margaret,Sylett,msylettq9@irs.gov,Female,216.146.250.246
947,Rhodia,Cardinale,rcardinaleqa@forbes.com,Female,169.16.182.160
948,Wynn,Ablitt,wablittqb@ezinearticles.com,Male,56.195.220.30
949,Hazlett,Hanbridge,hhanbridgeqc@acquirethisname.com,Male,28.145.58.238
950,Kathlin,Grishechkin,kgrishechkinqd@msu.edu,Female,92.110.96.170
951,Christos,Reubel,creubelqe@histats.com,Male,29.147.231.63
952,Connie,Le Borgne,cleborgneqf@instagram.com,Genderfluid,200.77.148.18
953,Linc,Ridesdale,lridesdaleqg@1688.com,Male,230.138.87.158
954,Krispin,De Witt,kdewittqh@google.com.hk,Male,59.197.12.68
955,Yvor,Blasik,yblasikqi@usatoday.com,Male,14.3.1.233
956,Osmund,Brisley,obrisleyqj@salon.com,Male,155.93.240.185
957,Asher,Shewery,asheweryqk@kickstarter.com,Male,242.125.131.201
958,Lonny,Elsmore,lelsmoreql@ihg.com,Male,22.17.163.169
959,Georgetta,De Bernardis,gdebernardisqm@booking.com,Bigender,56.6.176.220
960,Ellie,Tofanelli,etofanelliqn@mediafire.com,Female,215.75.109.226
961,Alon,Hyde,ahydeqo@loc.gov,Male,3.246.137.62
962,Munmro,Laxtonne,mlaxtonneqp@quantcast.com,Male,56.1.198.217
963,Dollie,Pitchford,dpitchfordqq@businessinsider.com,Female,43.207.0.7
964,Kurt,Dislee,kdisleeqr@dell.com,Male,113.49.48.157
965,Maddalena,Kennford,mkennfordqs@vinaora.com,Female,139.237.221.57
966,Falito,Locarno,flocarnoqt@yolasite.com,Male,124.214.168.218
967,Colin,Gwillyam,cgwillyamqu@jimdo.com,Male,63.180.190.134
968,Daveta,McCalum,dmccalumqv@youku.com,Female,209.141.44.145
969,Don,Hofton,dhoftonqw@ask.com,Male,215.247.139.163
970,Blithe,Biasini,bbiasiniqx@cam.ac.uk,Agender,187.230.198.65
971,Lizette,Klimentyev,lklimentyevqy@example.com,Female,73.5.25.41
972,Welby,Franzini,wfranziniqz@webeden.co.uk,Male,138.78.27.122
973,Sarene,Mowle,smowler0@huffingtonpost.com,Polygender,94.63.147.190
974,Caryl,Waterworth,cwaterworthr1@angelfire.com,Male,217.143.176.135
975,Tades,Phizackerly,tphizackerlyr2@chicagotribune.com,Male,45.45.9.182
976,Tory,Bosket,tbosketr3@parallels.com,Female,89.33.99.79
977,Edithe,Richemond,erichemondr4@ezinearticles.com,Female,55.227.101.188
978,Vinita,Syred,vsyredr5@whitehouse.gov,Female,16.193.230.11
979,Halli,Golightly,hgolightlyr6@ucla.edu,Female,82.99.145.253
980,Albina,Bowring,abowringr7@samsung.com,Polygender,109.77.59.203
981,Ruthy,Keysall,rkeysallr8@ebay.co.uk,Female,97.218.210.60
982,Garnette,Bethune,gbethuner9@nbcnews.com,Female,72.212.42.231
983,Carilyn,Fonteyne,cfonteynera@bing.com,Genderfluid,51.39.252.44
984,Meaghan,Dixon,mdixonrb@webmd.com,Female,30.47.77.78
985,Coretta,Edkins,cedkinsrc@cbc.ca,Female,77.40.170.236
986,Rancell,Garnham,rgarnhamrd@discovery.com,Male,217.161.19.11
987,Aristotle,Jovovic,ajovovicre@posterous.com,Male,193.107.52.63
988,Yalonda,Fackrell,yfackrellrf@army.mil,Female,69.33.81.70
989,Stearne,Rawcliff,srawcliffrg@marriott.com,Male,165.9.190.37
990,Alix,Newgrosh,anewgroshrh@cnbc.com,Male,60.142.100.155
991,Salomi,Fosserd,sfosserdri@paginegialle.it,Female,218.59.101.169
992,Stanwood,Bosson,sbossonrj@qq.com,Male,251.201.92.5
993,Wood,Bowmaker,wbowmakerrk@fastcompany.com,Male,173.142.249.163
994,Chrysler,Hunnybun,chunnybunrl@uiuc.edu,Female,2.182.194.77
995,Kynthia,Tuttiett,ktuttiettrm@blogtalkradio.com,Female,65.34.123.199
996,Merralee,Frier,mfrierrn@yolasite.com,Female,247.185.116.164
997,Saree,Pimblott,spimblottro@berkeley.edu,Female,239.253.174.150
998,Arvin,Palfrie,apalfrierp@auda.org.au,Male,234.183.210.198
999,Hamish,Gowling,hgowlingrq@eventbrite.com,Male,143.208.191.87
1000,Ripley,Taylor,rtaylorrr@jiathis.com,Male,27.8.113.135
